Account Name,Territory
Hays Electrical Services,Houston
Humphrey Company Ltd.,Houston
KenMor Electric,Houston
South Central Electric,Houston
"Raven Mechanical, LP",Houston
Binsky & Snyder,NYC-NJ
"Mid - Atlantic Mechanical, Inc.",NYC-NJ
Hewitt Young Electric,NYC-NJ
Kleinknecht Electric Co.,NYC-NJ
"Allan Briteway Electrical Contractors, Inc.",NYC-NJ
Team Electric,NYC-NJ
"Alterman, Inc",SA-Austin
Big State Electric Ltd.,SA-Austin
JBI Electrical Systems,DFW
F. G. Haggerty Co.,DFW
Cummings Electrical,DFW
Acme Electric Co. - Lubbock,DFW
DP Electric,Phoenix
NOX Group,Phoenix
Progressive Roofing - Phoenix,Phoenix
"Stansell Electric Co., Inc.",Nashville-Charlotte
Interstate Mechanical Contractors,Nashville-Charlotte
Adams Electric Co.,Nashville-Charlotte
WB Moore Co.,Nashville-Charlotte
Cardinal Civil Contracting - Raleigh,Nashville-Charlotte
Precision Plumbing,Nashville-Charlotte
Preferred Electric,Nashville-Charlotte
VarcoMac,DC-Baltimore
Shapiro & Duncan,DC-Baltimore
"Horwitz, Inc.",Minneapolis-Louisville
API Group,Minneapolis-Louisville
Kraft Mechanical LLC,Minneapolis-Louisville
Power Design - St. Petersburg,Tampa-FL
Norlee Group (Parent),Tampa-FL
TRI - City Electrical Contractors Inc.,Tampa-FL
"BCH Mechanical, Llc.",Tampa-FL
Miller Electric Co.,Tampa-FL
Mann Mechanical Co.,Atlanta
Art Plumbing Co.,Atlanta
W Bradley Electric,San Francisco
"Ampam Parks Mechanical, Inc.",Los Angeles
A.J. Kirkwood & Assoc.,Los Angeles
